{"count":1,"self":4.6381932,"total":12.847805099999999,"children":{"InitializeActuators":{"count":18,"self":0.0025138,"total":0.0025138,"children":null},"InitializeSensors":{"count":18,"self":0.0025112,"total":0.0025112,"children":null},"AgentSendState":{"count":2484,"self":0.037282699999999995,"total":0.1944312,"children":{"CollectObservations":{"count":4473,"self":0.031362799999999996,"total":0.031362799999999996,"children":null},"WriteActionMask":{"count":4473,"self":0.0050205,"total":0.0050205,"children":null},"RequestDecision":{"count":4473,"self":0.0289146,"total":0.12076519999999999,"children":{"AgentInfo.ToProto":{"count":4473,"self":0.018059199999999997,"total":0.091850599999999991,"children":{"GenerateSensorData":{"count":4473,"self":0.0737914,"total":0.0737914,"children":null}}}}}}},"DecideAction":{"count":2484,"self":7.9577176,"total":7.9577177999999993,"children":null},"AgentAct":{"count":2484,"self":0.049923499999999996,"total":0.049923499999999996,"children":null}},"gauges":{},"metadata":{"timer_format_version":"0.1.0","start_time_seconds":"1685375707","unity_version":"2021.3.21f1","command_line_arguments":"D:\\Unity\\Unity Hub\\2021.3.21f1\\Editor\\Unity.exe -projectpath D:\\Facultate\\Anul I\\Semestrul II\\ProiectIA\\ProiectIA -useHub -hubIPC -cloudEnvironment production","communication_protocol_version":"1.5.0","com.unity.ml-agents_version":"2.3.0-exp.3","scene_name":"SampleScene","end_time_seconds":"1685375719"}}